cell_address	domain	panel_cell
734	1	1
4830	1	1
5918	1	1
8893	1	1
12989	1	1
13022	1	1
16094	1	1
17118	1	2
20190	1	2
21214	1	2
25277	1	2
25310	1	2
29373	1	2
29406	1	3
32478	1	3
33502	1	3
36574	1	3
37598	1	4
40670	1	4
41661	1	4
41694	1	4
44766	1	4
45757	1	4
45790	1	5
48862	1	5
49886	1	5
52958	1	5
53982	1	5
57054	1	5
58078	1	5
62141	1	5
62174	1	6
63262	1	6
65246	1	6
46	2	1
2606	2	1
2862	2	1
4142	2	1
4398	2	1
5422	2	1
5934	2	1
6446	2	1
6702	2	1
6894	2	1
6958	2	1
8494	2	1
9006	2	1
9518	2	1
10030	2	1
10798	2	1
11054	2	1
12590	2	1
13614	2	1
14638	2	2
14894	2	2
15150	2	2
15662	2	2
16174	2	2
16686	2	2
17710	2	2
18990	2	2
19246	2	2
20782	2	2
21806	2	2
22830	2	2
23086	2	2
23278	2	2
23342	2	3
24878	2	3
26414	2	3
27182	2	3
27374	2	3
27438	2	3
28974	2	3
29998	2	3
30254	2	3
31022	2	3
31278	2	3
31534	2	3
32046	2	3
33070	2	3
35374	2	3
35630	2	3
36142	2	3
36910	2	3
37166	2	3
38190	2	3
38702	2	3
39214	2	4
39470	2	4
39662	2	4
39726	2	4
41006	2	4
41262	2	4
42286	2	4
42542	2	4
42798	2	4
43566	2	5
43758	2	5
45358	2	5
46382	2	5
46638	2	5
47150	2	5
47662	2	5
48430	2	5
48942	2	5
49198	2	5
49454	2	5
50798	2	5
51758	2	5
52014	2	5
53294	2	6
53550	2	6
54574	2	6
55086	2	6
55598	2	6
55854	2	6
56110	2	6
57646	2	6
59182	2	6
59950	2	6
60206	2	6
61742	2	6
62254	2	6
62766	2	6
63022	2	6
64046	2	6
64814	2	6
65134	2	6
65326	2	6
2354	3	1
6450	3	1
10546	3	1
16690	3	2
19762	3	2
22834	3	2
26930	3	3
32050	3	3
35378	3	3
43314	3	4
48434	3	4
51762	3	5
52530	3	5
55602	3	5
59698	3	6
62770	3	6
64050	3	6
1010	4	1
1618	4	1
3058	4	1
3666	4	1
4082	4	1
4690	4	1
7154	4	1
9202	4	1
9810	4	1
11858	4	1
12274	4	1
13906	4	1
14322	4	1
16370	4	1
17394	4	1
18002	4	1
18418	4	1
19442	4	1
20466	4	1
21074	4	2
22098	4	2
23538	4	2
24146	4	2
25170	4	2
25586	4	2
25842	4	2
28242	4	2
28658	4	2
29266	4	3
30290	4	3
30706	4	3
31730	4	3
32754	4	3
33778	4	3
34386	4	3
34802	4	3
35826	4	3
36434	4	3
37458	4	3
37874	4	3
39506	4	3
39922	4	3
40946	4	3
41970	4	3
44626	4	4
45042	4	4
45650	4	4
46674	4	4
47090	4	4
48114	4	5
49138	4	5
50162	4	5
50770	4	5
51186	4	5
52210	4	5
53842	4	5
54258	4	5
56306	4	5
57330	4	5
58354	4	5
58962	4	5
61010	4	6
61426	4	6
63058	4	6
63474	4	6
64498	4	6
65522	4	6
898	5	1
3506	5	1
3970	5	1
4994	5	1
6834	5	1
7298	5	1
7602	5	2
9090	5	2
10370	5	2
11698	5	2
13186	5	2
13746	5	2
15794	5	2
17282	5	2
19890	5	2
20354	5	2
21378	5	2
23682	5	3
23986	5	3
25474	5	3
26754	5	3
27314	5	3
28546	5	3
29570	5	4
33666	5	4
36738	5	4
37762	5	4
40066	5	4
40370	5	4
40834	5	4
41858	5	4
42418	5	4
44930	5	4
45954	5	5
48562	5	5
49026	5	5
49842	5	5
50050	5	5
52658	5	6
53938	5	6
54146	5	6
56450	5	6
56754	5	6
58242	5	6
61314	5	6
62338	5	6
65410	5	6
