subcell_address	cell_address	domain	panel_cell	subpanel_subcell
65582	46	2	1	2
734	734	1	1	1
66270	734	1	1	1
131806	734	1	1	2
197342	734	1	1	2
898	898	5	1	1
66434	898	5	1	1
131970	898	5	1	2
197506	898	5	1	2
1010	1010	4	1	1
66546	1010	4	1	1
132082	1010	4	1	2
197618	1010	4	1	2
1618	1618	4	1	1
67154	1618	4	1	1
132690	1618	4	1	2
198226	1618	4	1	2
2354	2354	3	1	1
2606	2606	2	1	1
68142	2606	2	1	2
133678	2606	2	1	2
2862	2862	2	1	1
68398	2862	2	1	2
134130	3058	4	1	2
134578	3506	5	1	1
200114	3506	5	1	2
200274	3666	4	1	2
3970	3970	5	1	1
69506	3970	5	1	1
200578	3970	5	1	2
4082	4082	4	1	1
69678	4142	2	1	2
4398	4398	2	1	1
69934	4398	2	1	1
135470	4398	2	1	2
201006	4398	2	1	2
4690	4690	4	1	1
70226	4690	4	1	1
135762	4690	4	1	2
201298	4690	4	1	2
70366	4830	1	1	1
201438	4830	1	1	2
4994	4994	5	1	1
70530	4994	5	1	1
136066	4994	5	1	2
201602	4994	5	1	2
5422	5422	2	1	1
70958	5422	2	1	1
136494	5422	2	1	2
202030	5422	2	1	2
5918	5918	1	1	1
202526	5918	1	1	2
5934	5934	2	1	1
71470	5934	2	1	1
137006	5934	2	1	2
202542	5934	2	1	2
6446	6446	2	1	1
71982	6446	2	1	1
137518	6446	2	1	2
203054	6446	2	1	2
6450	6450	3	1	1
71986	6450	3	1	1
137522	6450	3	1	2
203058	6450	3	1	2
6702	6702	2	1	1
72238	6702	2	1	1
137774	6702	2	1	2
203310	6702	2	1	2
72370	6834	5	1	1
137906	6834	5	1	1
203442	6834	5	1	2
6894	6894	2	1	1
72430	6894	2	1	1
137966	6894	2	1	2
203502	6894	2	1	2
6958	6958	2	1	1
72494	6958	2	1	2
7154	7154	4	1	1
72690	7154	4	1	1
138226	7154	4	1	2
203762	7154	4	1	2
7298	7298	5	1	1
72834	7298	5	1	1
138370	7298	5	1	2
203906	7298	5	1	2
7602	7602	5	2	1
73138	7602	5	2	1
138674	7602	5	2	2
204210	7602	5	2	2
8494	8494	2	1	1
74030	8494	2	1	1
139566	8494	2	1	2
205102	8494	2	1	2
8893	8893	1	1	1
74429	8893	1	1	1
139965	8893	1	1	2
205501	8893	1	1	2
9006	9006	2	1	1
140078	9006	2	1	2
205614	9006	2	1	2
9090	9090	5	2	1
74626	9090	5	2	1
140162	9090	5	2	2
205698	9090	5	2	2
9202	9202	4	1	1
74738	9202	4	1	1
140274	9202	4	1	2
205810	9202	4	1	2
9518	9518	2	1	1
75054	9518	2	1	1
206126	9518	2	1	2
9810	9810	4	1	1
206418	9810	4	1	2
75566	10030	2	1	1
141102	10030	2	1	2
10370	10370	5	2	1
141442	10370	5	2	2
206978	10370	5	2	2
10546	10546	3	1	1
76082	10546	3	1	1
141618	10546	3	1	2
207154	10546	3	1	2
10798	10798	2	1	1
207406	10798	2	1	2
207662	11054	2	1	1
11698	11698	5	2	1
208306	11698	5	2	2
11858	11858	4	1	1
77394	11858	4	1	1
142930	11858	4	1	2
208466	11858	4	1	2
12274	12274	4	1	1
77810	12274	4	1	1
143346	12274	4	1	2
208882	12274	4	1	2
12590	12590	2	1	1
78126	12590	2	1	1
143662	12590	2	1	2
12989	12989	1	1	1
78525	12989	1	1	1
144061	12989	1	1	2
209597	12989	1	1	2
13022	13022	1	1	1
78558	13022	1	1	1
144094	13022	1	1	2
209630	13022	1	1	2
13186	13186	5	2	1
209794	13186	5	2	2
79150	13614	2	1	1
210222	13614	2	1	2
144818	13746	5	2	1
13906	13906	4	1	1
79442	13906	4	1	1
144978	13906	4	1	2
210514	13906	4	1	2
14322	14322	4	1	1
79858	14322	4	1	2
210930	14322	4	1	2
14638	14638	2	2	1
80174	14638	2	2	1
145710	14638	2	2	2
211246	14638	2	2	2
14894	14894	2	2	1
80430	14894	2	2	1
145966	14894	2	2	2
211502	14894	2	2	2
146222	15150	2	2	2
15662	15662	2	2	1
81198	15662	2	2	2
81330	15794	5	2	1
146866	15794	5	2	1
212402	15794	5	2	2
16094	16094	1	1	1
81630	16094	1	1	1
147166	16094	1	1	2
16174	16174	2	2	1
81710	16174	2	2	1
147246	16174	2	2	2
212782	16174	2	2	2
16370	16370	4	1	1
147442	16370	4	1	1
212978	16370	4	1	2
16686	16686	2	2	1
82222	16686	2	2	1
147758	16686	2	2	2
213294	16686	2	2	2
16690	16690	3	2	2
17118	17118	1	2	1
82654	17118	1	2	1
148190	17118	1	2	2
213726	17118	1	2	2
17282	17282	5	2	1
82818	17282	5	2	1
148354	17282	5	2	2
213890	17282	5	2	2
17394	17394	4	1	1
82930	17394	4	1	1
148466	17394	4	1	2
214002	17394	4	1	2
214318	17710	2	2	1
18002	18002	4	1	1
83538	18002	4	1	1
149074	18002	4	1	2
214610	18002	4	1	2
18418	18418	4	1	1
149490	18418	4	1	2
215026	18418	4	1	2
84526	18990	2	2	1
150062	18990	2	2	2
19246	19246	2	2	1
84782	19246	2	2	2
215854	19246	2	2	2
19442	19442	4	1	1
84978	19442	4	1	2
19762	19762	3	2	1
216370	19762	3	2	2
150962	19890	5	2	1
85726	20190	1	2	1
151262	20190	1	2	1
216798	20190	1	2	2
151426	20354	5	2	1
20466	20466	4	1	1
217074	20466	4	1	2
20782	20782	2	2	1
86318	20782	2	2	1
151854	20782	2	2	2
217390	20782	2	2	2
21074	21074	4	2	1
86610	21074	4	2	1
152146	21074	4	2	2
217682	21074	4	2	2
21214	21214	1	2	1
152286	21214	1	2	1
217822	21214	1	2	2
21378	21378	5	2	1
86914	21378	5	2	1
152450	21378	5	2	2
217986	21378	5	2	2
21806	21806	2	2	1
87342	21806	2	2	1
152878	21806	2	2	2
218414	21806	2	2	2
218706	22098	4	2	2
22830	22830	2	2	1
219438	22830	2	2	2
22834	22834	3	2	1
88370	22834	3	2	1
153906	22834	3	2	2
219442	22834	3	2	2
23086	23086	2	2	1
88622	23086	2	2	1
154158	23086	2	2	2
219694	23086	2	2	2
23278	23278	2	2	1
88814	23278	2	2	1
154350	23278	2	2	2
219886	23278	2	2	2
23342	23342	2	3	1
154414	23342	2	3	1
219950	23342	2	3	2
23538	23538	4	2	1
89074	23538	4	2	1
154610	23538	4	2	2
220146	23538	4	2	2
89218	23682	5	3	1
220290	23682	5	3	2
23986	23986	5	3	1
89522	23986	5	3	1
155058	23986	5	3	2
220594	23986	5	3	2
24146	24146	4	2	1
89682	24146	4	2	1
155218	24146	4	2	2
220754	24146	4	2	2
24878	24878	2	3	1
90414	24878	2	3	1
155950	24878	2	3	2
221486	24878	2	3	2
90706	25170	4	2	2
25277	25277	1	2	2
25310	25310	1	2	1
90846	25310	1	2	1
156382	25310	1	2	2
221918	25310	1	2	2
156546	25474	5	3	2
25586	25586	4	2	1
91122	25586	4	2	1
156658	25586	4	2	2
222194	25586	4	2	2
156914	25842	4	2	1
222450	25842	4	2	2
91950	26414	2	3	1
157486	26414	2	3	2
26754	26754	5	3	1
92290	26754	5	3	1
157826	26754	5	3	2
223362	26754	5	3	2
26930	26930	3	3	1
92466	26930	3	3	1
158002	26930	3	3	2
223538	26930	3	3	2
27182	27182	2	3	1
92718	27182	2	3	1
158254	27182	2	3	2
223790	27182	2	3	2
27314	27314	5	3	1
92850	27314	5	3	1
158386	27314	5	3	2
223922	27314	5	3	2
92910	27374	2	3	1
158510	27438	2	3	2
28242	28242	4	2	1
93778	28242	4	2	1
159314	28242	4	2	2
224850	28242	4	2	2
28546	28546	5	3	1
94082	28546	5	3	1
159618	28546	5	3	2
225154	28546	5	3	2
28658	28658	4	2	1
94194	28658	4	2	1
159730	28658	4	2	2
225266	28658	4	2	2
28974	28974	2	3	1
160046	28974	2	3	2
29266	29266	4	3	1
94802	29266	4	3	1
160338	29266	4	3	2
225874	29266	4	3	2
29373	29373	1	2	1
94909	29373	1	2	1
225981	29373	1	2	2
29406	29406	1	3	1
94942	29406	1	3	1
160478	29406	1	3	2
226014	29406	1	3	2
29570	29570	5	4	1
95106	29570	5	4	1
160642	29570	5	4	2
226178	29570	5	4	2
95534	29998	2	3	1
161070	29998	2	3	1
226606	29998	2	3	2
30254	30254	2	3	1
95790	30254	2	3	1
161326	30254	2	3	2
226862	30254	2	3	2
30290	30290	4	3	1
161362	30290	4	3	2
226898	30290	4	3	2
96242	30706	4	3	1
161778	30706	4	3	2
227314	30706	4	3	2
31022	31022	2	3	1
96558	31022	2	3	1
162094	31022	2	3	2
227630	31022	2	3	2
96814	31278	2	3	1
162606	31534	2	3	1
97266	31730	4	3	2
97582	32046	2	3	1
228654	32046	2	3	2
228658	32050	3	3	2
32478	32478	1	3	1
98014	32478	1	3	1
163550	32478	1	3	2
229086	32478	1	3	2
32754	32754	4	3	1
98290	32754	4	3	1
163826	32754	4	3	2
229362	32754	4	3	2
33070	33070	2	3	1
98606	33070	2	3	1
164142	33070	2	3	2
33502	33502	1	3	1
99038	33502	1	3	1
164574	33502	1	3	2
230110	33502	1	3	2
33666	33666	5	4	1
99202	33666	5	4	2
230274	33666	5	4	2
33778	33778	4	3	1
164850	33778	4	3	1
230386	33778	4	3	2
34386	34386	4	3	1
99922	34386	4	3	1
165458	34386	4	3	2
230994	34386	4	3	2
34802	34802	4	3	1
231410	34802	4	3	2
35374	35374	2	3	1
100910	35374	2	3	1
166446	35374	2	3	2
35378	35378	3	3	1
100914	35378	3	3	1
231986	35378	3	3	2
166702	35630	2	3	2
101362	35826	4	3	1
232434	35826	4	3	2
101678	36142	2	3	1
167214	36142	2	3	2
101970	36434	4	3	1
233042	36434	4	3	2
102110	36574	1	3	1
102274	36738	5	4	1
167810	36738	5	4	2
36910	36910	2	3	1
102446	36910	2	3	1
167982	36910	2	3	2
233518	36910	2	3	2
37166	37166	2	3	1
102702	37166	2	3	1
168238	37166	2	3	2
233774	37166	2	3	2
37458	37458	4	3	1
102994	37458	4	3	1
168530	37458	4	3	2
234066	37458	4	3	2
37598	37598	1	4	1
103134	37598	1	4	1
168670	37598	1	4	2
234206	37598	1	4	2
37762	37762	5	4	1
103298	37762	5	4	2
103410	37874	4	3	1
168946	37874	4	3	2
38190	38190	2	3	1
103726	38190	2	3	1
169262	38190	2	3	2
234798	38190	2	3	2
38702	38702	2	3	1
104238	38702	2	3	1
169774	38702	2	3	2
235310	38702	2	3	2
39214	39214	2	4	1
104750	39214	2	4	2
235822	39214	2	4	2
39470	39470	2	4	1
105006	39470	2	4	1
170542	39470	2	4	2
236078	39470	2	4	2
39506	39506	4	3	2
39662	39662	2	4	1
105198	39662	2	4	2
39726	39726	2	4	1
105262	39726	2	4	1
170798	39726	2	4	2
236334	39726	2	4	2
39922	39922	4	3	1
105458	39922	4	3	1
170994	39922	4	3	2
236530	39922	4	3	2
105602	40066	5	4	1
236674	40066	5	4	2
40370	40370	5	4	1
105906	40370	5	4	1
171442	40370	5	4	2
236978	40370	5	4	2
40670	40670	1	4	1
106206	40670	1	4	1
171742	40670	1	4	2
237278	40670	1	4	2
40834	40834	5	4	1
237442	40834	5	4	2
40946	40946	4	3	1
237554	40946	4	3	2
106542	41006	2	4	1
172078	41006	2	4	2
237614	41006	2	4	2
41262	41262	2	4	1
106798	41262	2	4	1
172334	41262	2	4	2
237870	41262	2	4	2
107197	41661	1	4	1
172733	41661	1	4	2
238269	41661	1	4	2
238302	41694	1	4	2
41858	41858	5	4	1
107394	41858	5	4	1
172930	41858	5	4	2
41970	41970	4	3	1
107506	41970	4	3	1
173042	41970	4	3	2
238578	41970	4	3	2
42286	42286	2	4	1
107822	42286	2	4	1
173358	42286	2	4	2
42418	42418	5	4	1
42542	42542	2	4	1
108334	42798	2	4	1
239406	42798	2	4	2
108850	43314	3	4	1
174386	43314	3	4	1
239922	43314	3	4	2
43566	43566	2	5	1
109102	43566	2	5	1
174638	43566	2	5	2
240174	43566	2	5	2
43758	43758	2	5	1
109294	43758	2	5	1
174830	43758	2	5	2
240366	43758	2	5	2
44626	44626	4	4	1
110162	44626	4	4	1
175698	44626	4	4	2
241234	44626	4	4	2
110302	44766	1	4	1
175838	44766	1	4	2
44930	44930	5	4	1
110466	44930	5	4	2
241538	44930	5	4	2
45042	45042	4	4	1
110578	45042	4	4	1
176114	45042	4	4	2
241650	45042	4	4	2
110894	45358	2	5	1
176430	45358	2	5	2
45650	45650	4	4	1
111186	45650	4	4	1
176722	45650	4	4	2
242258	45650	4	4	2
45757	45757	1	4	1
111293	45757	1	4	1
176829	45757	1	4	2
242365	45757	1	4	2
45790	45790	1	5	1
111326	45790	1	5	1
176862	45790	1	5	2
242398	45790	1	5	2
45954	45954	5	5	1
111490	45954	5	5	1
177026	45954	5	5	2
242562	45954	5	5	2
46382	46382	2	5	1
111918	46382	2	5	1
177454	46382	2	5	2
242990	46382	2	5	2
112174	46638	2	5	1
243246	46638	2	5	2
112210	46674	4	4	1
177746	46674	4	4	2
243282	46674	4	4	2
47090	47090	4	4	1
112626	47090	4	4	1
178162	47090	4	4	2
243698	47090	4	4	2
47150	47150	2	5	1
112686	47150	2	5	1
178222	47150	2	5	2
243758	47150	2	5	2
47662	47662	2	5	1
113198	47662	2	5	2
48114	48114	4	5	1
113650	48114	4	5	1
179186	48114	4	5	2
244722	48114	4	5	2
48430	48430	2	5	1
113966	48430	2	5	1
179502	48430	2	5	2
245038	48430	2	5	2
48434	48434	3	4	1
113970	48434	3	4	2
48562	48562	5	5	1
114098	48562	5	5	1
179634	48562	5	5	2
245170	48562	5	5	2
48862	48862	1	5	1
179934	48862	1	5	2
48942	48942	2	5	1
180014	48942	2	5	2
114562	49026	5	5	2
49138	49138	4	5	1
114674	49138	4	5	1
180210	49138	4	5	2
245746	49138	4	5	2
49198	49198	2	5	1
114734	49198	2	5	1
180270	49198	2	5	2
245806	49198	2	5	2
49454	49454	2	5	2
49842	49842	5	5	1
246450	49842	5	5	2
49886	49886	1	5	1
115422	49886	1	5	2
246494	49886	1	5	2
50050	50050	5	5	1
115586	50050	5	5	1
181122	50050	5	5	2
50162	50162	4	5	1
115698	50162	4	5	1
181234	50162	4	5	2
246770	50162	4	5	2
50770	50770	4	5	1
116306	50770	4	5	1
181842	50770	4	5	2
247378	50770	4	5	2
247406	50798	2	5	1
51186	51186	4	5	1
116722	51186	4	5	1
182258	51186	4	5	2
247794	51186	4	5	2
51758	51758	2	5	1
117294	51758	2	5	1
182830	51758	2	5	2
248366	51758	2	5	2
248370	51762	3	5	2
52014	52014	2	5	1
117550	52014	2	5	1
183086	52014	2	5	2
248622	52014	2	5	2
52210	52210	4	5	1
117746	52210	4	5	1
183282	52210	4	5	2
248818	52210	4	5	2
183602	52530	3	5	1
249138	52530	3	5	2
52658	52658	5	6	1
118194	52658	5	6	1
183730	52658	5	6	2
249266	52658	5	6	2
52958	52958	1	5	1
118494	52958	1	5	1
184030	52958	1	5	2
249566	52958	1	5	2
53294	53294	2	6	1
118830	53294	2	6	1
249902	53294	2	6	2
53550	53550	2	6	1
119086	53550	2	6	1
184622	53550	2	6	2
250158	53550	2	6	2
119378	53842	4	5	2
53938	53938	5	6	1
250546	53938	5	6	2
53982	53982	1	5	1
119518	53982	1	5	1
185054	53982	1	5	2
250590	53982	1	5	2
54146	54146	5	6	1
119682	54146	5	6	1
185218	54146	5	6	2
250754	54146	5	6	2
119794	54258	4	5	1
185330	54258	4	5	1
250866	54258	4	5	2
120110	54574	2	6	1
251182	54574	2	6	2
120622	55086	2	6	1
251694	55086	2	6	2
55598	55598	2	6	1
121134	55598	2	6	1
186670	55598	2	6	2
252206	55598	2	6	2
121138	55602	3	5	1
252210	55602	3	5	2
55854	55854	2	6	1
121390	55854	2	6	1
186926	55854	2	6	2
252462	55854	2	6	2
56110	56110	2	6	1
121646	56110	2	6	1
187182	56110	2	6	2
252718	56110	2	6	2
56306	56306	4	5	1
121842	56306	4	5	1
187378	56306	4	5	2
252914	56306	4	5	2
121986	56450	5	6	1
253058	56450	5	6	2
56754	56754	5	6	1
187826	56754	5	6	2
253362	56754	5	6	2
188126	57054	1	5	1
253662	57054	1	5	2
188402	57330	4	5	1
253938	57330	4	5	2
57646	57646	2	6	1
123182	57646	2	6	1
188718	57646	2	6	2
254254	57646	2	6	2
58078	58078	1	5	1
123614	58078	1	5	1
189150	58078	1	5	2
254686	58078	1	5	2
58242	58242	5	6	1
123778	58242	5	6	1
189314	58242	5	6	2
254850	58242	5	6	2
58354	58354	4	5	1
123890	58354	4	5	1
189426	58354	4	5	2
254962	58354	4	5	2
58962	58962	4	5	1
124498	58962	4	5	1
190034	58962	4	5	2
255570	58962	4	5	2
59182	59182	2	6	1
124718	59182	2	6	1
190254	59182	2	6	2
255790	59182	2	6	2
59698	59698	3	6	1
125234	59698	3	6	1
190770	59698	3	6	2
256306	59698	3	6	2
59950	59950	2	6	1
191022	59950	2	6	2
60206	60206	2	6	1
125742	60206	2	6	1
256814	60206	2	6	2
61010	61010	4	6	1
126546	61010	4	6	1
192082	61010	4	6	2
257618	61010	4	6	2
126850	61314	5	6	1
257922	61314	5	6	2
61426	61426	4	6	1
126962	61426	4	6	1
192498	61426	4	6	2
258034	61426	4	6	2
127278	61742	2	6	1
192814	61742	2	6	2
258350	61742	2	6	2
62141	62141	1	5	1
127677	62141	1	5	1
193213	62141	1	5	2
258749	62141	1	5	2
62174	62174	1	6	1
127710	62174	1	6	1
193246	62174	1	6	2
258782	62174	1	6	2
193326	62254	2	6	2
62338	62338	5	6	1
127874	62338	5	6	1
193410	62338	5	6	2
258946	62338	5	6	2
62766	62766	2	6	1
128302	62766	2	6	1
193838	62766	2	6	2
259374	62766	2	6	2
62770	62770	3	6	1
194094	63022	2	6	2
63058	63058	4	6	1
128594	63058	4	6	1
194130	63058	4	6	2
259666	63058	4	6	2
63262	63262	1	6	2
63474	63474	4	6	1
129010	63474	4	6	1
194546	63474	4	6	2
260082	63474	4	6	2
64046	64046	2	6	1
195118	64046	2	6	2
129586	64050	3	6	1
260658	64050	3	6	2
64498	64498	4	6	1
130034	64498	4	6	1
195570	64498	4	6	2
261106	64498	4	6	2
64814	64814	2	6	1
130350	64814	2	6	1
195886	64814	2	6	2
261422	64814	2	6	2
130670	65134	2	6	1
196206	65134	2	6	2
261742	65134	2	6	2
65246	65246	1	6	1
130782	65246	1	6	1
196318	65246	1	6	2
261854	65246	1	6	2
196398	65326	2	6	1
261934	65326	2	6	2
65410	65410	5	6	1
130946	65410	5	6	2
65522	65522	4	6	1
131058	65522	4	6	1
196594	65522	4	6	2
262130	65522	4	6	2
